{
  "shifting_roots": 74,
  "stable_roots": 24,
  "root_profiles": {
    "daiin": {
      "total": 916,
      "bare": 901,
      "t": 4,
      "k": 2,
      "f": 0,
      "p": 9,
      "dominant": "p",
      "ratio": 0.6
    },
    "ol": {
      "total": 875,
      "bare": 597,
      "t": 134,
      "k": 90,
      "f": 10,
      "p": 44,
      "dominant": "t",
      "ratio": 0.48201438848920863
    },
    "aiin": {
      "total": 744,
      "bare": 565,
      "t": 66,
      "k": 96,
      "f": 3,
      "p": 15,
      "dominant": "k",
      "ratio": 0.5333333333333333
    },
    "or": {
      "total": 630,
      "bare": 440,
      "t": 97,
      "k": 60,
      "f": 7,
      "p": 26,
      "dominant": "t",
      "ratio": 0.5105263157894737
    },
    "chey": {
      "total": 622,
      "bare": 373,
      "t": 65,
      "k": 159,
      "f": 7,
      "p": 18,
      "dominant": "k",
      "ratio": 0.6385542168674698
    },
    "ar": {
      "total": 598,
      "bare": 436,
      "t": 72,
      "k": 69,
      "f": 5,
      "p": 16,
      "dominant": "t",
      "ratio": 0.4444444444444444
    },
    "chedy": {
      "total": 568,
      "bare": 530,
      "t": 12,
      "k": 19,
      "f": 1,
      "p": 6,
      "dominant": "k",
      "ratio": 0.5
    },
    "qoedy": {
      "total": 516,
      "bare": 8,
      "t": 124,
      "k": 338,
      "f": 9,
      "p": 37,
      "dominant": "k",
      "ratio": 0.6653543307086615
    },
    "shedy": {
      "total": 473,
      "bare": 455,
      "t": 3,
      "k": 10,
      "f": 4,
      "p": 1,
      "dominant": "k",
      "ratio": 0.5555555555555556
    },
    "chy": {
      "total": 469,
      "bare": 176,
      "t": 107,
      "k": 166,
      "f": 3,
      "p": 17,
      "dominant": "k",
      "ratio": 0.5665529010238908
    },
    "qoy": {
      "total": 463,
      "bare": 9,
      "t": 172,
      "k": 254,
      "f": 3,
      "p": 26,
      "dominant": "k",
      "ratio": 0.5582417582417583
    },
    "oaiin": {
      "total": 458,
      "bare": 26,
      "t": 177,
      "k": 230,
      "f": 5,
      "p": 22,
      "dominant": "k",
      "ratio": 0.5299539170506913
    },
    "oedy": {
      "total": 455,
      "bare": 3,
      "t": 230,
      "k": 160,
      "f": 7,
      "p": 57,
      "dominant": "t",
      "ratio": 0.5066079295154186
    },
    "chol": {
      "total": 437,
      "bare": 415,
      "t": 7,
      "k": 10,
      "f": 2,
      "p": 3,
      "dominant": "k",
      "ratio": 0.45454545454545453
    },
    "qoeedy": {
      "total": 423,
      "bare": 21,
      "t": 81,
      "k": 318,
      "f": 0,
      "p": 3,
      "dominant": "k",
      "ratio": 0.7910447761194029
    },
    "shey": {
      "total": 422,
      "bare": 291,
      "t": 38,
      "k": 86,
      "f": 1,
      "p": 7,
      "dominant": "k",
      "ratio": 0.6515151515151515
    },
    "oy": {
      "total": 419,
      "bare": 8,
      "t": 207,
      "k": 182,
      "f": 9,
      "p": 33,
      "dominant": "t",
      "ratio": 0.4802784222737819
    },
    "qoaiin": {
      "total": 413,
      "bare": 24,
      "t": 92,
      "k": 286,
      "f": 2,
      "p": 9,
      "dominant": "k",
      "ratio": 0.7352185089974294
    },
    "qoeey": {
      "total": 399,
      "bare": 18,
      "t": 48,
      "k": 327,
      "f": 1,
      "p": 8,
      "dominant": "k",
      "ratio": 0.8515625
    },
    "oar": {
      "total": 378,
      "bare": 14,
      "t": 181,
      "k": 159,
      "f": 13,
      "p": 17,
      "dominant": "t",
      "ratio": 0.4891891891891892
    },
    "dar": {
      "total": 377,
      "bare": 362,
      "t": 1,
      "k": 4,
      "f": 1,
      "p": 9,
      "dominant": "p",
      "ratio": 0.6
    },
    "oeey": {
      "total": 373,
      "bare": 9,
      "t": 158,
      "k": 200,
      "f": 0,
      "p": 9,
      "dominant": "k",
      "ratio": 0.5449591280653951
    },
    "dy": {
      "total": 373,
      "bare": 286,
      "t": 33,
      "k": 36,
      "f": 4,
      "p": 16,
      "dominant": "k",
      "ratio": 0.4044943820224719
    },
    "qoain": {
      "total": 359,
      "bare": 7,
      "t": 63,
      "k": 288,
      "f": 1,
      "p": 0,
      "dominant": "k",
      "ratio": 0.8181818181818182
    },
    "al": {
      "total": 352,
      "bare": 271,
      "t": 40,
      "k": 34,
      "f": 0,
      "p": 7,
      "dominant": "t",
      "ratio": 0.49382716049382713
    },
    "oal": {
      "total": 341,
      "bare": 2,
      "t": 159,
      "k": 162,
      "f": 3,
      "p": 15,
      "dominant": "k",
      "ratio": 0.4778761061946903
    },
    "y": {
      "total": 317,
      "bare": 0,
      "t": 165,
      "k": 124,
      "f": 15,
      "p": 19,
      "dominant": "t",
      "ratio": 0.5108359133126935
    },
    "oey": {
      "total": 282,
      "bare": 0,
      "t": 122,
      "k": 122,
      "f": 4,
      "p": 39,
      "dominant": "t",
      "ratio": 0.4250871080139373
    },
    "qoar": {
      "total": 282,
      "bare": 9,
      "t": 76,
      "k": 186,
      "f": 0,
      "p": 11,
      "dominant": "k",
      "ratio": 0.6813186813186813
    },
    "cheey": {
      "total": 281,
      "bare": 197,
      "t": 17,
      "k": 59,
      "f": 2,
      "p": 7,
      "dominant": "k",
      "ratio": 0.6941176470588235
    },
    "qoal": {
      "total": 281,
      "bare": 6,
      "t": 64,
      "k": 208,
      "f": 1,
      "p": 2,
      "dominant": "k",
      "ratio": 0.7563636363636363
    },
    "oain": {
      "total": 271,
      "bare": 11,
      "t": 109,
      "k": 149,
      "f": 0,
      "p": 5,
      "dominant": "k",
      "ratio": 0.5665399239543726
    },
    "dal": {
      "total": 269,
      "bare": 260,
      "t": 3,
      "k": 2,
      "f": 0,
      "p": 4,
      "dominant": "p",
      "ratio": 0.4444444444444444
    },
    "edy": {
      "total": 252,
      "bare": 0,
      "t": 107,
      "k": 84,
      "f": 12,
      "p": 51,
      "dominant": "t",
      "ratio": 0.421259842519685
    },
    "ool": {
      "total": 245,
      "bare": 0,
      "t": 129,
      "k": 108,
      "f": 2,
      "p": 13,
      "dominant": "t",
      "ratio": 0.5119047619047619
    },
    "qoey": {
      "total": 241,
      "bare": 0,
      "t": 52,
      "k": 173,
      "f": 3,
      "p": 14,
      "dominant": "k",
      "ratio": 0.7148760330578512
    },
    "chor": {
      "total": 237,
      "bare": 225,
      "t": 4,
      "k": 5,
      "f": 1,
      "p": 2,
      "dominant": "k",
      "ratio": 0.4166666666666667
    },
    "ody": {
      "total": 230,
      "bare": 53,
      "t": 85,
      "k": 46,
      "f": 11,
      "p": 38,
      "dominant": "t",
      "ratio": 0.4722222222222222
    },
    "dain": {
      "total": 230,
      "bare": 225,
      "t": 3,
      "k": 2,
      "f": 0,
      "p": 0,
      "dominant": "t",
      "ratio": 0.6
    },
    "oeedy": {
      "total": 229,
      "bare": 9,
      "t": 107,
      "k": 110,
      "f": 0,
      "p": 3,
      "dominant": "k",
      "ratio": 0.5
    },
    "ey": {
      "total": 228,
      "bare": 2,
      "t": 116,
      "k": 83,
      "f": 7,
      "p": 25,
      "dominant": "t",
      "ratio": 0.5021645021645021
    },
    "shy": {
      "total": 227,
      "bare": 103,
      "t": 42,
      "k": 79,
      "f": 1,
      "p": 2,
      "dominant": "k",
      "ratio": 0.6370967741935484
    },
    "qool": {
      "total": 221,
      "bare": 4,
      "t": 63,
      "k": 132,
      "f": 6,
      "p": 16,
      "dominant": "k",
      "ratio": 0.6082949308755761
    },
    "sheey": {
      "total": 213,
      "bare": 162,
      "t": 13,
      "k": 36,
      "f": 2,
      "p": 0,
      "dominant": "k",
      "ratio": 0.7058823529411765
    },
    "shol": {
      "total": 197,
      "bare": 192,
      "t": 2,
      "k": 3,
      "f": 0,
      "p": 0,
      "dominant": "k",
      "ratio": 0.6
    },
    "cheol": {
      "total": 191,
      "bare": 181,
      "t": 0,
      "k": 7,
      "f": 2,
      "p": 1,
      "dominant": "k",