{
  "permutation_enrichments": {
    "k_bio": 1.2014094828131197,
    "t_cosmo": 1.4234124016889633,
    "f_herbal-A": 0.9474979885655439,
    "p_text": 1.071389333340048
  },
  "long_root_unknowns": [
    [
      "air",
      436
    ],
    [
      "cheo",
      263
    ],
    [
      "lsh",
      180
    ],
    [
      "eod",
      167
    ],
    [
      "ech",
      117
    ],
    [
      "heo",
      115
    ],
    [
      "chd",
      112
    ],
    [
      "aiir",
      91
    ],
    [
      "rch",
      60
    ],
    [
      "chos",
      59
    ],
    [
      "cheod",
      56
    ],
    [
      "eol",
      52
    ],
    [
      "hod",
      51
    ],
    [
      "ald",
      44
    ],
    [
      "lche",
      40
    ],
    [
      "chl",
      39
    ],
    [
      "alsh",
      38
    ],
    [
      "chor",
      37
    ],
    [
      "lam",
      37
    ],
    [
      "esh",
      36
    ]
  ],
  "bigram_directionality": 37.53387533875339
}