{
  "VMS": {
    "name": "VMS (target)",
    "alpha_size": 32.0,
    "H_char": 3.856713938840206,
    "H_cond": 2.4710359035440974,
    "H_ratio": 0.6407101855957689,
    "IC": 0.08167360643431291,
    "mean_wlen": 4.935216084282523,
    "TTR": 0.2685,
    "hapax_ratio": 0.6577281191806331,
    "V_frac": 0.28125,
    "VC_alt": 0.7320249643766061,
    "n_chars": 160710.0,
    "n_words": 36259.0,
    "n_types": 6415.0
  },
  "Italian_source": {
    "name": "Italian (source)",
    "alpha_size": 35.0,
    "H_char": 4.121107491082566,
    "H_cond": 3.458744823134279,
    "H_ratio": 0.8392755662448658,
    "IC": 0.0692901361883969,
    "mean_wlen": 3.9302,
    "TTR": 0.2754,
    "hapax_ratio": 0.6663035584604212,
    "V_frac": 0.37142857142857144,
    "VC_alt": 0.7360375351765059,
    "n_chars": 196510.0,
    "n_words": 50000.0,
    "n_types": 8196.0
  },
  "1: Syllabic (\u03b1=25)": {
    "name": "1: Syllabic (\u03b1=25)",
    "alpha_size": 25.0,
    "H_char": 4.599923164454849,
    "H_cond": 4.206712367498115,
    "H_ratio": 0.9145179641270519,
    "IC": 0.042413371323966345,
    "mean_wlen": 3.40864,
    "TTR": 0.2754,
    "hapax_ratio": 0.6663035584604212,
    "V_frac": 0.52,
    "VC_alt": 0.5874107410036906,
    "n_chars": 170432.0,
    "n_words": 50000.0,
    "n_types": 8196.0
  },
  "2: Onset-rime (10+12)": {
    "name": "2: Onset-rime (10+12)",
    "alpha_size": 22.0,
    "H_char": 4.290049177456671,
    "H_cond": 3.401047023663999,
    "H_ratio": 0.7927757661930319,
    "IC": 0.057858724860465914,
    "mean_wlen": 3.54262,
    "TTR": 0.2584,
    "hapax_ratio": 0.6544117647058824,
    "V_frac": 0.5,
    "VC_alt": 0.783791565516852,
    "n_chars": 177131.0,
    "n_words": 50000.0,
    "n_types": 7553.0
  },
  "3a: Verbose positional": {
    "name": "3a: Verbose positional",
    "alpha_size": 13.0,
    "H_char": 3.556771701702444,
    "H_cond": 2.4529515081113282,
    "H_ratio": 0.6896567207103077,
    "IC": 0.0913876544102297,
    "mean_wlen": 5.737358988719097,
    "TTR": 0.2699,
    "hapax_ratio": 0.6587625046313449,
    "V_frac": 0.38461538461538464,
    "VC_alt": 0.6975394290973491,
    "n_chars": 286845.0,
    "n_words": 49996.0,
    "n_types": 7912.0
  },
  "3b: Verbose context-vary": {
    "name": "3b: Verbose context-vary",
    "alpha_size": 13.0,
    "H_char": 3.6411928452851003,
    "H_cond": 3.2202114806029885,
    "H_ratio": 0.8843836669548466,
    "IC": 0.08232789087967374,
    "mean_wlen": 5.737358988719097,
    "TTR": 0.2699,
    "hapax_ratio": 0.6587625046313449,
    "V_frac": 0.5384615384615384,
    "VC_alt": 0.6724909707018449,
    "n_chars": 286845.0,
    "n_words": 49996.0,
    "n_types": 7912.0
  },
  "4: Abbreviation (top200)": {
    "name": "4: Abbreviation (top200)",
    "alpha_size": 22.0,
    "H_char": 4.296165754817306,
    "H_cond": 3.954713230188359,
    "H_ratio": 0.9205215664116136,
    "IC": 0.05545557498594054,
    "mean_wlen": 3.9963,
    "TTR": 0.2745,
    "hapax_ratio": 0.6644808743169399,
    "V_frac": 0.45454545454545453,
    "VC_alt": 0.6351006435985467,
    "n_chars": 199815.0,
    "n_words": 50000.0,
    "n_types": 8153.0
  },
  "5: Simple substitution": {
    "name": "5: Simple substitution",
    "alpha_size": 35.0,
    "H_char": 4.121107491082566,
    "H_cond": 3.458744823134279,
    "H_ratio": 0.8392755662448658,
    "IC": 0.0692901361883969,
    "mean_wlen": 3.9302,
    "TTR": 0.2754,
    "hapax_ratio": 0.6663035584604212,
    "V_frac": 0.37142857142857144,
    "VC_alt": 0.7360375351765059,
    "n_chars": 196510.0,
    "n_words": 50000.0,
    "n_types": 8196.0
  },
  "6a: Syllabic tuned (\u03b1=30)": {
    "name": "6a: Syllabic tuned (\u03b1=30)",
    "alpha_size": 30.0,
    "H_char": 4.840390076490864,
    "H_cond": 4.325666097476301,
    "H_ratio": 0.8936606407994865,
    "IC": 0.03637401428114465,
    "mean_wlen": 3.36906,
    "TTR": 0.2754,
    "hapax_ratio": 0.6663035584604212,
    "V_frac": 0.43333333333333335,
    "VC_alt": 0.59408614917009,
    "n_chars": 168453.0,
    "n_words": 50000.0,
    "n_types": 8196.0
  },
  "6b: Syllabic tuned (\u03b1=26, 50% short)": {
    "name": "6b: Syllabic tuned (\u03b1=26, 50% short)",
    "alpha_size": 26.0,
    "H_char": 4.640252504981874,
    "H_cond": 4.2338809812254325,
    "H_ratio": 0.9124246960008852,
    "IC": 0.04168315276626272,
    "mean_wlen": 3.39484,
    "TTR": 0.2754,
    "hapax_ratio": 0.6663035584604212,
    "V_frac": 0.4230769230769231,
    "VC_alt": 0.58913285535021,
    "n_chars": 169742.0,
    "n_words": 50000.0,
    "n_types": 8196.0
  },
  "6c: Syllabic (\u03b1=20, longer codes)": {
    "name": "6c: Syllabic (\u03b1=20, longer codes)",
    "alpha_size": 20.0,
    "H_char": 4.30331896874293,
    "H_cond": 3.9402366390495844,
    "H_ratio": 0.9156273721909561,
    "IC": 0.05129832554360344,
    "mean_wlen": 5.05766,
    "TTR": 0.2754,
    "hapax_ratio": 0.6663035584604212,
    "V_frac": 0.45,
    "VC_alt": 0.5670628989014639,
    "n_chars": 252883.0,
    "n_words": 50000.0,
    "n_types": 8196.0
  }
}