{
  "corrected_verdict": "NOT_SUPPORTED",
  "vms_h_char_ratio_no_boundary": 0.6529526101867922,
  "vms_h_chunk_ratio_no_boundary": 0.8176291314607953,
  "vms_h_word_ratio_no_boundary": 0.4148256107275044,
  "vms_h_char_ratio_intra_word": 0.5810129164854276,
  "nl_char_h_ratio_mean": 0.848611284593598,
  "nl_char_h_ratio_std": 0.01825554659999874,
  "nl_syl_h_ratio_mean": 0.5007497958107543,
  "nl_syl_h_ratio_std": 0.05620185617823116,
  "nl_word_h_ratio_mean": 0.44144278972773376,
  "nl_word_h_ratio_std": 0.07223447828253018,
  "z_chunk_vs_nl_char": -1.6971364271724882,
  "z_chunk_vs_nl_syl": 5.6382361224001505,
  "z_chunk_vs_nl_word": 5.207850193943211,
  "best_match_level": "NL char",
  "best_match_z": 1.6971364271724882,
  "n_chunk_types": 523,
  "mean_nl_syl_types": 3123.0,
  "mean_nl_char_types": 31.25
}