{
  "phase": 88,
  "question": "Position \u00d7 Identity decomposition: cipher or NL?",
  "vms_metrics_2p": {
    "mean_pci": 0.8035836907912831,
    "median_pci": 0.8813835330901512,
    "wt_pci": 0.8247171033796917,
    "restricted": 0.6086956521739131,
    "J_IF": 0.24102564102564103,
    "J_IM": 0.4025157232704403,
    "J_MF": 0.3870967741935484,
    "J_mean": 0.3435460461632099,
    "nmi": 0.5580431696490576,
    "pos_pct": 12.990218732874533,
    "n_types": 184
  },
  "vms_metrics_3p": {
    "mean_pci": 0.7342278315313518,
    "median_pci": 0.770979020979021,
    "wt_pci": 0.7258909363015621,
    "restricted": 0.41509433962264153,
    "J_IF": 0.2553191489361702,
    "J_IM": 0.34234234234234234,
    "J_MF": 0.375,
    "J_mean": 0.3242204970928375,
    "nmi": 0.43164175187125964,
    "pos_pct": 11.35578963099401,
    "n_types": 106
  },
  "nl_char_means": {
    "mean_pci": 0.6705002765002385,
    "wt_pci": 0.6361649773978088,
    "restricted": 0.23286439808178938,
    "J_IF": 0.8027808966395923,
    "J_mean": 0.8479466789942802,
    "nmi": 0.1814726301808551,
    "pos_pct": 6.162764849112774
  },
  "nl_char_stds": {
    "mean_pci": 0.039184234389745186,
    "wt_pci": 0.028777586121453945,
    "restricted": 0.10203056439409419,
    "J_IF": 0.12825786758387617,
    "J_mean": 0.09035402298307614,
    "nmi": 0.039112424411186786,
    "pos_pct": 1.3742851895966375
  },
  "nl_char_zscores": {
    "mean_pci": 3.3963510162616215,
    "wt_pci": 6.5520480135516195,
    "restricted": 3.683516369080066,
    "J_IF": -4.379889251211688,
    "J_mean": -5.58249224747356,
    "nmi": 9.62790072815065,
    "pos_pct": 4.968003683257087
  },
  "nl_syl_means": {
    "mean_pci": 0.8906871655542422,
    "wt_pci": 0.8416005769708644,
    "restricted": 0.7532552730616691,
    "J_IF": 0.0657941993876423,
    "J_mean": 0.1335092093327967,
    "nmi": 0.6999363411718933,
    "pos_pct": 12.644599921375898
  },
  "vms_jaccard_detail": {
    "I_n": 125,
    "M_n": 98,
    "F_n": 117,
    "IMF_n": 36,
    "I_only": 50,
    "F_only": 46,
    "M_only": 10
  },
  "null_model": {
    "n_trials": 50,
    "z_pci": 305.9629502508929,
    "z_jif": -46.48151107657991,
    "z_nmi": 838.6580338119213
  },
  "phase60_reconciliation": {
    "predicted_jaccard": 0.273,
    "observed_jif": 0.24102564102564103,
    "nl_char_jif_mean": 0.8027808966395923
  },
  "cipher_evidence_count": 7,
  "nl_evidence_count": 0,
  "verdict": "POSITIONAL_ENCODING_SUPPORTED"
}