{
  "VMS": {
    "name": "VMS (EVA glyphs)",
    "alpha_size": 32.0,
    "H_char": 3.856713938840206,
    "H_cond": 2.4710359035440974,
    "H_ratio": 0.6407101855957689,
    "IC": 0.08167360643431291,
    "mean_wlen": 4.935216084282523,
    "TTR": 0.2685,
    "hapax_ratio": 0.6577281191806331,
    "V_frac": 0.28125,
    "VC_alt": 0.7320249643766061,
    "n_chars": 160710.0,
    "n_words": 36259.0,
    "n_types": 6415.0
  },
  "English": {
    "name": "English",
    "alpha_size": 27.0,
    "H_char": 4.161473598547138,
    "H_cond": 3.5319721630362926,
    "H_ratio": 0.8487311235782877,
    "IC": 0.06652848042575234,
    "mean_wlen": 3.940751813906005,
    "TTR": 0.1511,
    "hapax_ratio": 0.49106551952349436,
    "V_frac": 0.25925925925925924,
    "VC_alt": 0.6731278103662034,
    "n_chars": 108083.0,
    "n_words": 27427.0,
    "n_types": 2576.0
  },
  "Latin": {
    "name": "Latin",
    "alpha_size": 26.0,
    "H_char": 4.132892830425856,
    "H_cond": 3.5103660561677414,
    "H_ratio": 0.8493726307938236,
    "IC": 0.06818880659533703,
    "mean_wlen": 4.55612,
    "TTR": 0.2511,
    "hapax_ratio": 0.653126244524094,
    "V_frac": 0.2692307692307692,
    "VC_alt": 0.6898443844516143,
    "n_chars": 227806.0,
    "n_words": 50000.0,
    "n_types": 5020.0
  },
  "Italian": {
    "name": "Italian",
    "alpha_size": 35.0,
    "H_char": 4.121107491082566,
    "H_cond": 3.458744823134279,
    "H_ratio": 0.8392755662448658,
    "IC": 0.0692901361883969,
    "mean_wlen": 3.9302,
    "TTR": 0.2754,
    "hapax_ratio": 0.6663035584604212,
    "V_frac": 0.37142857142857144,
    "VC_alt": 0.7360375351765059,
    "n_chars": 196510.0,
    "n_words": 50000.0,
    "n_types": 8196.0
  },
  "German": {
    "name": "German",
    "alpha_size": 30.0,
    "H_char": 4.188779928912192,
    "H_cond": 3.4502882788044955,
    "H_ratio": 0.8236976726778101,
    "IC": 0.06963534050840578,
    "mean_wlen": 4.778771924157757,
    "TTR": 0.3122,
    "hapax_ratio": 0.6841768097373478,
    "V_frac": 0.36666666666666664,
    "VC_alt": 0.6598465646017101,
    "n_chars": 147946.0,
    "n_words": 30959.0,
    "n_types": 6221.0
  },
  "Spanish": {
    "name": "Spanish",
    "alpha_size": 32.0,
    "H_char": 4.168307802851045,
    "H_cond": 3.416468373397446,
    "H_ratio": 0.8196295799126555,
    "IC": 0.07074227759757047,
    "mean_wlen": 4.33658,
    "TTR": 0.2567,
    "hapax_ratio": 0.6688741721854304,
    "V_frac": 0.3125,
    "VC_alt": 0.7609810541074031,
    "n_chars": 216829.0,
    "n_words": 50000.0,
    "n_types": 7154.0
  },
  "French": {
    "name": "French",
    "alpha_size": 39.0,
    "H_char": 4.210294190309145,
    "H_cond": 3.56672762792907,
    "H_ratio": 0.8471445145421488,
    "IC": 0.06794710938567682,
    "mean_wlen": 4.2936,
    "TTR": 0.2464,
    "hapax_ratio": 0.6452922077922078,
    "V_frac": 0.358974358974359,
    "VC_alt": 0.688069163728171,
    "n_chars": 214680.0,
    "n_words": 50000.0,
    "n_types": 7282.0
  },
  "Finnish": {
    "name": "Finnish",
    "alpha_size": 26.0,
    "H_char": 3.9504680175402105,
    "H_cond": 3.439566394790191,
    "H_ratio": 0.8706731403768871,
    "IC": 0.07347390408309877,
    "mean_wlen": 6.61766,
    "TTR": 0.4804,
    "hapax_ratio": 0.6798501248959201,
    "V_frac": 0.38461538461538464,
    "VC_alt": 0.7479252422313695,
    "n_chars": 330883.0,
    "n_words": 50000.0,
    "n_types": 16428.0
  },
  "Japanese": {
    "name": "Japanese (hiragana)",
    "alpha_size": 65.0,
    "H_char": 5.4699727077949225,
    "H_cond": 3.0856103464212485,
    "H_ratio": 0.5640997700087488,
    "IC": 0.027124149974033035,
    "mean_wlen": 3.461187214611872,
    "TTR": 0.7990867579908676,
    "hapax_ratio": 0.8685714285714285,
    "V_frac": 0.3230769230769231,
    "VC_alt": 0.6723910171730515,
    "n_chars": 758.0,
    "n_words": 219.0,
    "n_types": 175.0
  },
  "Korean": {
    "name": "Korean (hangul)",
    "alpha_size": 175.0,
    "H_char": 6.675419654861635,
    "H_cond": 1.8445888723933797,
    "H_ratio": 0.2763255297440343,
    "IC": 0.014113849765258216,
    "mean_wlen": 2.8699551569506725,
    "TTR": 0.7892376681614349,
    "hapax_ratio": 0.8125,
    "V_frac": 0.4,
    "VC_alt": 0.7981220657276995,
    "n_chars": 640.0,
    "n_words": 223.0,
    "n_types": 176.0
  },
  "Arabic": {
    "name": "Arabic",
    "alpha_size": 32.0,
    "H_char": 4.1557497451127,
    "H_cond": 3.25621051905473,
    "H_ratio": 0.783543456360466,
    "IC": 0.07847598410978693,
    "mean_wlen": 4.820987654320987,
    "TTR": 0.8703703703703703,
    "hapax_ratio": 0.9078014184397163,
    "V_frac": 0.46875,
    "VC_alt": 0.6371794871794871,
    "n_chars": 781.0,
    "n_words": 162.0,
    "n_types": 141.0
  },
  "Hawaiian": {
    "name": "Hawaiian (CV)",
    "alpha_size": 17.0,
    "H_char": 3.5375139056514944,
    "H_cond": 2.673987359984241,
    "H_ratio": 0.7558945155557714,
    "IC": 0.10841945288753799,
    "mean_wlen": 3.0387596899224807,
    "TTR": 0.24806201550387597,
    "hapax_ratio": 0.4583333333333333,
    "V_frac": 0.4117647058823529,
    "VC_alt": 0.8408510638297872,
    "n_chars": 1176.0,
    "n_words": 387.0,
    "n_types": 96.0
  },
  "Cipher_subst": {
    "name": "Cipher: subst(English)",
    "alpha_size": 27.0,
    "H_char": 4.161473598547138,
    "H_cond": 3.5319721630362926,
    "H_ratio": 0.8487311235782877,
    "IC": 0.06652848042575234,
    "mean_wlen": 3.940751813906005,
    "TTR": 0.1511,
    "hapax_ratio": 0.49106551952349436,
    "V_frac": 0.25925925925925924,
    "VC_alt": 0.6731278103662034,
    "n_chars": 108083.0,
    "n_words": 27427.0,
    "n_types": 2576.0
  },
  "Cipher_bigram": {
    "name": "Cipher: bigram(English)",
    "alpha_size": 364.0,
    "H_char": 7.064641123979418,
    "H_cond": 4.166450049633137,
    "H_ratio": 0.5897610333653058,
    "IC": 0.014400758425864989,
    "mean_wlen": 2.2311590768221095,
    "TTR": 0.151,
    "hapax_ratio": 0.49072847682119203,
    "V_frac": 0.4175824175824176,
    "VC_alt": 0.7108165966695537,
    "n_chars": 61194.0,
    "n_words": 27427.0,
    "n_types": 2575.0
  }
}