{
  "vms": {
    "A_even_odd": {
      "jsd": 0.0006028863466395117,
      "mean_len_even": 5.300229951135384,
      "mean_len_odd": 5.139601299137642,
      "len_diff": 0.160628651997742,
      "jaccard": 0.20577573707104882,
      "n_even": 20874,
      "n_odd": 17858
    },
    "B_parity": {
      "even_lines": 2410,
      "odd_lines": 3016,
      "even_pct": 44.415775893844454,
      "mean_wc": 7.138223368964246,
      "std_wc": 4.610408512875879
    },
    "C_coupling": {
      "adj_len_r": 0.12500515428590972,
      "nonadj_len_r": 0.02985729476373136,
      "adj_prefix_rate": 0.09614738492552358,
      "nonadj_prefix_rate": 0.11665039743410961,
      "adj_suffix_rate": 0.15763243364318513,
      "nonadj_suffix_rate": 0.15172221447496861
    },
    "D_charpos": {
      "mean_abs_bias": 0.001654780993645129,
      "n_strongly_biased": 0,
      "top_biased": []
    },
    "F_vocab": {
      "ttr_first": 0.475118996105582,
      "ttr_last": 0.43228039809606233,
      "ttr_middle": 0.3479013414106447,
      "ml_first": 5.6201621820862515,
      "ml_last": 4.9846386845521415,
      "ml_middle": 5.190559196764747
    },
    "G_bigram": {
      "jsd_boundary": 0.007030527090993071,
      "n_eo": 17858,
      "n_oe": 15448
    }
  },
  "vms_shuffled_w": {
    "A_even_odd": {
      "jsd": 9.498473567380171e-05,
      "mean_len_even": 5.245424930535594,
      "mean_len_odd": 5.203662224213238,
      "len_diff": 0.04176270632235646,
      "jaccard": 0.24492508458192364,
      "n_even": 20874,
      "n_odd": 17858
    },
    "B_parity": {
      "even_lines": 2410,
      "odd_lines": 3016,
      "even_pct": 44.415775893844454,
      "mean_wc": 7.138223368964246,
      "std_wc": 4.610408512875879
    },
    "C_coupling": {
      "adj_len_r": 0.056375819450331925,
      "nonadj_len_r": 0.040065618053793786,
      "adj_prefix_rate": 0.10073916452010304,
      "nonadj_prefix_rate": 0.10263561567424348,
      "adj_suffix_rate": 0.13814536902228694,
      "nonadj_suffix_rate": 0.1378468832798773
    },
    "D_charpos": {
      "mean_abs_bias": 0.0007143656236650412,
      "n_strongly_biased": 0,
      "top_biased": []
    },
    "F_vocab": {
      "ttr_first": 0.46927736910428386,
      "ttr_last": 0.40653396797922975,
      "ttr_middle": 0.3931198615318044,
      "ml_first": 5.396793217840029,
      "ml_last": 5.232799653829511,
      "ml_middle": 5.192825268442337
    },
    "G_bigram": {
      "jsd_boundary": 0.006412577974235459,
      "n_eo": 17858,
      "n_oe": 15448
    }
  },
  "vms_shuffled_g": {
    "A_even_odd": {
      "jsd": 5.752959244352418e-05,
      "mean_len_even": 5.225112580243365,
      "mean_len_odd": 5.227405084555941,
      "len_diff": 0.0022925043125763267,
      "jaccard": 0.25048332527791206,
      "n_even": 20874,
      "n_odd": 17858
    },
    "B_parity": {
      "even_lines": 2410,
      "odd_lines": 3016,
      "even_pct": 44.415775893844454,
      "mean_wc": 7.138223368964246,
      "std_wc": 4.610408512875879
    },
    "C_coupling": {
      "adj_len_r": 0.003356149786462649,
      "nonadj_len_r": 0.001981830482903939,
      "adj_prefix_rate": 0.0698286482248852,
      "nonadj_prefix_rate": 0.07460605215451123,
      "adj_suffix_rate": 0.09586739836487848,
      "nonadj_suffix_rate": 0.09670896667131502
    },
    "D_charpos": {
      "mean_abs_bias": 0.0004814898233648341,
      "n_strongly_biased": 0,
      "top_biased": []
    },
    "F_vocab": {
      "ttr_first": 0.4037213327563825,
      "ttr_last": 0.41194288186932065,
      "ttr_middle": 0.4067503245348334,
      "ml_first": 5.190195355694803,
      "ml_last": 5.2678494158373,
      "ml_middle": 5.226258541347092
    },
    "G_bigram": {
      "jsd_boundary": 0.006571057652155473,
      "n_eo": 17858,
      "n_oe": 15448
    }
  },
  "klaret": {
    "A_even_odd": {
      "jsd": 0.06087952061962208,
      "mean_len_even": 5.019329001675453,
      "mean_len_odd": 5.002656205304238,
      "len_diff": 0.016672796371214993,
      "jaccard": 0.0346350003806044,
      "n_even": 24471,
      "n_odd": 24471
    },
    "B_parity": {
      "even_lines": 5426,
      "odd_lines": 0,
      "even_pct": 100.0,
      "mean_wc": 9.019904165130852,
      "std_wc": 2.223415679832182
    },
    "C_coupling": {
      "adj_len_r": 0.002609405662766192,
      "nonadj_len_r": -0.001270424684112221,
      "adj_prefix_rate": 0.004372522577745086,
      "nonadj_prefix_rate": 0.0045418745077448145,
      "adj_suffix_rate": 0.0038004168199092803,
      "nonadj_suffix_rate": 0.003859280651089525
    },
    "D_charpos": {
      "mean_abs_bias": 0.0117063527853242,
      "n_strongly_biased": 13,
      "top_biased": [
        [
          "k",
          0.0383381639365617
        ],
        [
          "t",
          -0.031618914190234666
        ],
        [
          "i",
          -0.024519174534662347
        ],
        [
          "m",
          -0.022747472598160692
        ],
        [
          "q",
          -0.020062081359255024
        ],
        [
          "z",
          0.018884380843723184
        ],
        [
          "r",
          0.018489981144518768
        ],
        [
          "l",
          0.01652909819045468
        ],
        [
          "s",
          0.016291807106846315
        ],
        [
          "n",
          0.015011138392862736
        ]
      ]
    },
    "F_vocab": {
      "ttr_first": 0.9012,
      "ttr_last": 0.91,
      "ttr_middle": 0.911,
      "ml_first": 4.9467379284924435,
      "ml_last": 5.013822336896425,
      "ml_middle": 5.019742714623261
    },
    "G_bigram": {
      "jsd_boundary": 0.12403594422750358,
      "n_eo": 24471,
      "n_oe": 19045
    }
  },
  "english": {
    "A_even_odd": {
      "jsd": 0.0010805157466731521,
      "mean_len_even": 4.067807372255456,
      "mean_len_odd": 4.002505342273967,
      "len_diff": 0.06530202998148926,
      "jaccard": 0.4995248653785239,
      "n_even": 29923,
      "n_odd": 27142
    },
    "B_parity": {
      "even_lines": 2645,
      "odd_lines": 2781,
      "even_pct": 48.7467747880575,
      "mean_wc": 10.516955399926282,
      "std_wc": 3.7247476358581113
    },
    "C_coupling": {
      "adj_len_r": -0.1268363112389909,
      "nonadj_len_r": -0.02479088635853345,
      "adj_prefix_rate": 0.01285830078844595,
      "nonadj_prefix_rate": 0.030130731623268937,
      "adj_suffix_rate": 0.007516026821899639,
      "nonadj_suffix_rate": 0.018155973379853977
    },
    "D_charpos": {
      "mean_abs_bias": 0.002252837577961067,
      "n_strongly_biased": 1,
      "top_biased": [
        [
          "d",
          0.011938588268944499
        ]
      ]
    },
    "F_vocab": {
      "ttr_first": 0.2018,
      "ttr_last": 0.226,
      "ttr_middle": 0.1808,
      "ml_first": 4.161629192775525,
      "ml_last": 4.292050691244239,
      "ml_middle": 3.9935172621739787
    },
    "G_bigram": {
      "jsd_boundary": 0.014533131902182334,
      "n_eo": 27142,
      "n_oe": 24497
    }
  }
}