{
  "optimal_merges": 150,
  "optimal_l2": 20.46454356308925,
  "raw_l2": 20.992161462345543,
  "vms_fingerprint": {
    "label": "VMS",
    "n_tokens": 36259,
    "n_types": 6415,
    "heaps_beta": 0.7532634259656353,
    "hapax_ratio_mid": 0.6554723363131191,
    "char_bigram_pred": 0.6407101855957688,
    "word_bigram_pred": 0.4448009648834097,
    "mean_word_len": 4.935216084282523,
    "ttr_5000": 0.342,
    "zipf_alpha": 0.9415080134769475
  },
  "optimal_fingerprint": {
    "label": "BPE-150",
    "n_tokens": 50000,
    "n_types": 8196,
    "heaps_beta": 0.7514616696707476,
    "hapax_ratio_mid": 0.6390298928369994,
    "char_bigram_pred": 0.7902963336799502,
    "word_bigram_pred": 0.4638832226986712,
    "mean_word_len": 3.9302,
    "ttr_5000": 0.3374,
    "zipf_alpha": 1.0207414967343764
  },
  "bpe_trajectory": [
    [
      0,
      "None",
      "None",
      20.992161462345543
    ],
    [
      1,
      "('c', 'h')",
      "ch",
      21.151308112656054
    ],
    [
      2,
      "('e', 'r')",
      "er",
      21.09106834208451
    ],
    [
      3,
      "('c', 'o')",
      "co",
      21.1052970603837
    ],
    [
      4,
      "('a', 'n')",
      "an",
      21.082963721185077
    ],
    [
      5,
      "('d', 'i')",
      "di",
      21.091267657802405
    ],
    [
      6,
      "('t', 'o')",
      "to",
      21.07285728645976
    ],
    [
      7,
      "('e', 'n')",
      "en",
      21.0388313739773
    ],
    [
      8,
      "('n', 'o')",
      "no",
      21.017077387339047
    ],
    [
      9,
      "('ch', 'e')",
      "che",
      21.049907859893914
    ],
    [
      10,
      "('l', 'a')",
      "la",
      21.04402110399102
    ],
    [
      11,
      "('a', 'l')",
      "al",
      21.035907488214043
    ],
    [
      12,
      "('a', 'r')",
      "ar",
      21.0098591145815
    ],
    [
      13,
      "('t', 'e')",
      "te",
      20.992575798111634
    ],
    [
      14,
      "('t', 'r')",
      "tr",
      20.979339209041374
    ],
    [
      15,
      "('q', 'u')",
      "qu",
      21.024105390749906
    ],
    [
      16,
      "('i', 'o')",
      "io",
      21.002113336960946
    ],
    [
      17,
      "('i', 'n')",
      "in",
      20.98551344182229
    ],
    [
      18,
      "('s', 'e')",
      "se",
      20.96390558713381
    ],
    [
      19,
      "('i', 'a')",
      "ia",
      20.949717716638347
    ],
    [
      20,
      "('e', 'l')",
      "el",
      20.923154358862142
    ],
    [
      21,
      "('t', 'a')",
      "ta",
      20.923378840557756
    ],
    [
      22,
      "('s', 'o')",
      "so",
      20.908194614705113
    ],
    [
      23,
      "('t', 'i')",
      "ti",
      20.902895734233294
    ],
    [
      24,
      "('o', 'r')",
      "or",
      20.88691699619378
    ],
    [
      25,
      "('d', 'o')",
      "do",
      20.892919124493506
    ],
    [
      26,
      "('p', 'er')",
      "per",
      20.91021524889933
    ],
    [
      27,
      "('s', 'i')",
      "si",
      20.892769809764907
    ],
    [
      28,
      "('e', 's')",
      "es",
      20.87642508610653
    ],
    [
      29,
      "('l', 'e')",
      "le",
      20.868496036269256
    ],
    [
      30,
      "('r', 'i')",
      "ri",
      20.85288817199776
    ],
    [
      31,
      "('r', 'a')",
      "ra",
      20.849578705355714
    ],
    [
      32,
      "('m', 'a')",
      "ma",
      20.841184214614092
    ],
    [
      33,
      "('d', 'e')",
      "de",
      20.84228894282014
    ],
    [
      34,
      "('m', 'i')",
      "mi",
      20.832944649032832
    ],
    [
      35,
      "('l', 'i')",
      "li",
      20.819926247135903
    ],
    [
      36,
      "('v', 'i')",
      "vi",
      20.812279547074148
    ],
    [
      37,
      "('m', 'e')",
      "me",
      20.809052822072506
    ],
    [
      38,
      "('u', 'n')",
      "un",
      20.796996274311454
    ],
    [
      39,
      "('p', 'o')",
      "po",
      20.793012889891216
    ],
    [
      40,
      "('t', 'u')",
      "tu",
      20.792740343671234
    ],
    [
      45,
      "('co', 'n')",
      "con",
      20.77792024183372
    ],
    [
      50,
      "('c', 'a')",
      "ca",
      20.756450913852458
    ],
    [
      55,
      "('n', 'e')",
      "ne",
      20.723200455306415
    ],
    [
      60,
      "('t', 'to')",
      "tto",
      20.749323729725877
    ],
    [
      65,
      "('di', 's')",
      "dis",
      20.72653895659685
    ],
    [
      70,
      "('v', 'er')",
      "ver",
      20.736995874677927
    ],
    [
      75,
      "('u', 'o')",
      "uo",
      20.723026356207953
    ],
    [
      80,
      "('pi', '\u00f9')",
      "pi\u00f9",
      20.71644824443846
    ],
    [
      85,
      "('d', 'el')",
      "del",
      20.70522280212029
    ],
    [
      90,
      "('z', 'a')",
      "za",
      20.67525822526773
    ],
    [
      95,
      "('s', 'p')",
      "sp",
      20.64883738152428
    ],
    [
      100,
      "('to', 'r')",
      "tor",
      20.62696853078407
    ],
    [
      105,
      "('m', 'an')",
      "man",
      20.603689951733973
    ],
    [
      110,
      "('f', 'o')",
      "fo",
      20.586270540923508
    ],
    [
      115,
      "('l', '\u00e0')",
      "l\u00e0",
      20.579982023209865
    ],
    [
      120,
      "('no', 'i')",
      "noi",
      20.566621759099952
    ],
    [
      125,
      "('a', 'c')",
      "ac",
      20.543039360900433
    ],
    [
      130,
      "('e', 'i')",
      "ei",
      20.518674333521908
    ],
    [
      135,
      "('qu', 'ando')",
      "quando",
      20.498183378349953
    ],
    [
      140,
      "('g', 'en')",
      "gen",
      20.486035757843837
    ],
    [
      145,
      "('c', 'er')",
      "cer",
      20.475537241363167
    ],
    [
      150,
      "('l', 'ui')",
      "lui",
      20.46454356308925
    ]
  ],
  "h_ratio_raw": 0.5964652042578331,
  "h_ratio_glyph": 0.6407101855957688,
  "positional_entropy": {
    "raw_italian": 0.9043338288726306,
    "bpe_italian": 0.9449575810980425,
    "vms": 0.7616892008124555
  },
  "transition_info": {
    "bpe_density": 0.39304702268431,
    "vms_density": 0.4638671875,
    "bpe_mean_succ_h": 4.9291670789603,
    "vms_mean_succ_h": 2.3746699039342443
  }
}