{
  "n_words_a": 18068,
  "n_words_b": 18191,
  "ab_divergence": [
    [
      "n",
      0.23323137819602105,
      34,
      36
    ],
    [
      "cfh",
      0.19577071766561982,
      36,
      34
    ],
    [
      "cph",
      0.12940036752880832,
      106,
      79
    ],
    [
      "cth",
      0.05593507317173405,
      464,
      360
    ],
    [
      "sh",
      0.03538869720693169,
      1995,
      2286
    ],
    [
      "ch",
      0.027955627226373913,
      5667,
      4409
    ],
    [
      "f",
      0.02497418580732316,
      146,
      185
    ],
    [
      "ckh",
      0.021087939376928672,
      367,
      461
    ],
    [
      "r",
      0.018977910608751838,
      684,
      705
    ],
    [
      "t",
      0.01838311235583515,
      2763,
      2739
    ],
    [
      "y",
      0.015723697810043746,
      948,
      1015
    ],
    [
      "l",
      0.014415480439173223,
      1924,
      2175
    ],
    [
      "s",
      0.013258952113209852,
      454,
      655
    ],
    [
      "p",
      0.012127572626561691,
      547,
      483
    ],
    [
      "k",
      0.009252682867055294,
      4605,
      4759
    ],
    [
      "d",
      0.008563918098413453,
      5290,
      6235
    ],
    [
      "o",
      0.0075908498509769575,
      10656,
      11487
    ],
    [
      "e",
      0.006804395032754542,
      9151,
      9982
    ],
    [
      "a",
      0.006357486835909575,
      7037,
      6611
    ],
    [
      "q",
      0.0025364945375544643,
      2576,
      2886
    ],
    [
      "i",
      0.002427710837376756,
      6196,
      5139
    ]
  ],
  "glyph_features": {
    "o": {
      "init": 0.3461241970021413,
      "med": 0.6098929336188437,
      "fin": 0.05169164882226981,
      "succ_I": 0.016799891613602493,
      "succ_M": 0.6054735130741092,
      "succ_F": 0.37722982432371405,
      "self_rep": 0.0027548209366391185,
      "mean_run": 1.0026192623126797,
      "class": "MEDIAL\u2192M"
    },
    "e": {
      "init": 0.006239600665557404,
      "med": 0.9890287021630616,
      "fin": 0.005147670549084858,
      "succ_I": 0.01505252704750954,
      "succ_M": 0.7518423665917525,
      "succ_F": 0.23232112057701354,
      "self_rep": 0.26211258035854285,
      "mean_run": 1.3527467116831962,
      "class": "REPEAT"
    },
    "y": {
      "init": 0.11251365456972934,
      "med": 0.02506372132540357,
      "fin": 0.8808714649836146,
      "succ_I": 0.16811003565970453,
      "succ_M": 0.7952114111054508,
      "succ_F": 0.03616912888436067,
      "self_rep": 0.0,
      "mean_run": 1.0,
      "class": "FINAL"
    },
    "a": {
      "init": 0.15645067133683596,
      "med": 0.8401196730881495,
      "fin": 0.004086398131932283,
      "succ_I": 0.0007327080890973036,
      "succ_M": 0.47933763188745604,
      "succ_F": 0.5191969519343493,
      "self_rep": 0.0002198124267291911,
      "mean_run": 1.0002189621195534,
      "class": "MEDIAL\u2192F"
    },
    "d": {
      "init": 0.2786477752920706,
      "med": 0.6810009114259673,
      "fin": 0.0450741569309802,
      "succ_I": 0.03809110629067245,
      "succ_M": 0.3829067245119306,
      "succ_F": 0.5785683297180043,
      "self_rep": 0.0017353579175704988,
      "mean_run": 1.0016598887874513,
      "class": "MEDIAL\u2192F"
    },
    "i": {
      "init": 0.0007052186177715092,
      "med": 0.9985014104372355,
      "fin": 0.0007933709449929478,
      "succ_I": 0.0007940008822232025,
      "succ_M": 0.4103220114689016,
      "succ_F": 0.5887075430083811,
      "self_rep": 0.4051168945743273,
      "mean_run": 1.680094786729858,
      "class": "REPEAT"
    },
    "ch": {
      "init": 0.5732818379877204,
      "med": 0.4252327193503664,
      "fin": 0.002178649237472767,
      "succ_I": 0.01736800317586344,
      "succ_M": 0.8797141722905915,
      "succ_F": 0.10262008733624454,
      "self_rep": 0.001091703056768559,
      "mean_run": 1.0010905125408942,
      "class": "INITIAL"
    },
    "l": {
      "init": 0.1463539010708822,
      "med": 0.2907700152983172,
      "fin": 0.5819479857215706,
      "succ_I": 0.23273969260795316,
      "succ_M": 0.6184435228104416,
      "succ_F": 0.1480848987557941,
      "self_rep": 0.00561112466455233,
      "mean_run": 1.0023512574115723,
      "class": "FINAL"
    },
    "k": {
      "init": 0.12391534391534391,
      "med": 0.8686772486772487,
      "fin": 0.0091005291005291,
      "succ_I": 0.1236651003844511,
      "succ_M": 0.8017941050832977,
      "succ_F": 0.07454079453225118,
      "self_rep": 0.0,
      "mean_run": 1.0,
      "class": "MEDIAL\u2192M"
    },
    "r": {
      "init": 0.07077625570776255,
      "med": 0.15054223744292236,
      "fin": 0.8017979452054794,
      "succ_I": 0.128869690424766,
      "succ_M": 0.7134629229661628,
      "succ_F": 0.156227501799856,
      "self_rep": 0.0014398848092152627,
      "mean_run": 1.0002854695974879,
      "class": "FINAL"
    },
    "n": {
      "init": 0.001005530417295123,
      "med": 0.011228422993128876,
      "fin": 0.9882688117982236,
      "succ_I": 0.07142857142857142,
      "succ_M": 0.7142857142857143,
      "succ_F": 0.21428571428571427,
      "self_rep": 0.0,
      "mean_run": 1.0,
      "class": "FINAL"
    },
    "t": {
      "init": 0.1547982062780269,
      "med": 0.8346188340807175,
      "fin": 0.013094170403587443,
      "succ_I": 0.18084332969829153,
      "succ_M": 0.7322791712104689,
      "succ_F": 0.0866957470010905,
      "self_rep": 0.0,
      "mean_run": 1.0,
      "class": "MEDIAL\u2192M"
    },
    "q": {
      "init": 0.9946925329428989,
      "med": 0.005124450951683748,
      "fin": 0.00036603221083455345,
      "succ_I": 0.0016477480776272428,
      "succ_M": 0.9965214207250092,
      "succ_F": 0.001830831197363603,
      "self_rep": 0.0,
      "mean_run": 1.0,
      "class": "INITIAL"
    },
    "sh": {
      "init": 0.7385257301808067,
      "med": 0.2589244320815948,
      "fin": 0.0076495132127955496,
      "succ_I": 0.014716187806587245,
      "succ_M": 0.9191777622050923,
      "succ_F": 0.06540527914038775,
      "self_rep": 0.000700770847932726,
      "mean_run": 1.000695894224078,
      "class": "INITIAL"
    },
    "s": {
      "init": 0.5031847133757962,
      "med": 0.10360934182590234,
      "fin": 0.5290870488322718,
      "succ_I": 0.07664562669071236,
      "succ_M": 0.8458070333633905,
      "succ_F": 0.0775473399458972,
      "self_rep": 0.0009017132551848512,
      "mean_run": 1.0004248088360237,
      "class": "INITIAL"
    },
    "p": {
      "init": 0.2056338028169014,
      "med": 0.7680751173708921,
      "fin": 0.03286384976525822,
      "succ_I": 0.6504854368932039,
      "succ_M": 0.29320388349514565,
      "succ_F": 0.05631067961165048,
      "self_rep": 0.0,
      "mean_run": 1.0,
      "class": "MEDIAL"
    },
    "m": {
      "init": 0.013569937369519834,
      "med": 0.030271398747390398,
      "fin": 0.9676409185803758,
      "succ_I": 0.1935483870967742,
      "succ_M": 0.6451612903225806,
      "succ_F": 0.16129032258064516,
      "self_rep": 0.0,
      "mean_run": 1.0,
      "class": "FINAL"
    },
    "ckh": {
      "init": 0.20506634499396864,
      "med": 0.7937273823884198,
      "fin": 0.0012062726176115801,
      "succ_I": 0.0012077294685990338,
      "succ_M": 0.47342995169082125,
      "succ_F": 0.5253623188405797,
      "self_rep": 0.0,
      "mean_run": 1.0,
      "class": "MEDIAL\u2192F"
    },
    "cth": {
      "init": 0.5217391304347826,
      "med": 0.4746376811594203,
      "fin": 0.004830917874396135,
      "succ_I": 0.0,
      "succ_M": 0.5752427184466019,
      "succ_F": 0.42475728155339804,
      "self_rep": 0.0,
      "mean_run": 1.0,
      "class": "INITIAL"
    },
    "f": {
      "init": 0.25555555555555554,
      "med": 0.6916666666666667,
      "fin": 0.08055555555555556,
      "succ_I": 0.5619335347432024,
      "succ_M": 0.3564954682779456,
      "succ_F": 0.08157099697885196,
      "self_rep": 0.0,
      "mean_run": 1.0,