{
  "scores": {
    "Cipher": {
      "wlen_L1": 0.6901183154527152,
      "bigram_rho": -36.29021421088755,
      "bigram_J20": 0.02564102564102564,
      "pos_H_corr": -0.44730121676856344,
      "init_HHI_delta": 0.041611645588174415,
      "final_HHI_delta": 0.0886132042475597,
      "cross_delta_diff": 0.25634552223142126,
      "zipf_slope_delta": 0.21666185559933304,
      "rep_rate_delta": 0.0021787694089743237
    },
    "Subst": {
      "wlen_L1": 0.6454121735293306,
      "bigram_rho": -78.15489177489178,
      "bigram_J20": 0.0,
      "pos_H_corr": 0.6445680880004289,
      "init_HHI_delta": 0.05603459263885936,
      "final_HHI_delta": 0.09726930028271275,
      "cross_delta_diff": 0.08244292129924702,
      "zipf_slope_delta": 0.2044493218132336,
      "rep_rate_delta": 0.0060123003943848286
    },
    "Italian": {
      "wlen_L1": 0.6454121735293306,
      "bigram_rho": -55.83743087598182,
      "bigram_J20": 0.08108108108108109,
      "pos_H_corr": 0.6445680880004289,
      "init_HHI_delta": 0.05603459263885936,
      "final_HHI_delta": 0.09726930028271275,
      "cross_delta_diff": 0.08244292129924702,
      "zipf_slope_delta": 0.2044493218132336,
      "rep_rate_delta": 0.0060123003943848286
    }
  },
  "cipher_wins": 4,
  "total_metrics": 9,
  "word_length_dists": {
    "VMS": {
      "1": 0.036515072120025374,
      "2": 0.06745911359938223,
      "3": 0.09126010094045617,
      "4": 0.1835406381863813,
      "5": 0.24986899804186546,
      "6": 0.19275214429520945,
      "7": 0.1116688270498359,
      "8": 0.04423729281006095,
      "9": 0.015913290493394742,
      "10": 0.004578173694806806,
      "11": 0.001378967980363496,
      "12": 0.0005515871921453984,
      "13": 0.0002482142364654293,
      "14": 2.757935960726992e-05,
      "15": 0.0
    },
    "Cipher": {
      "1": 0.04481645936181362,
      "2": 0.09390771946275407,
      "3": 0.18243746380209053,
      "4": 0.12639620508011803,
      "5": 0.06519760611158609,
      "6": 0.08739899059543838,
      "7": 0.136710885573237,
      "8": 0.05896467084034309,
      "9": 0.0670178438456659,
      "10": 0.05744780606194324,
      "11": 0.031302573154251355,
      "12": 0.018367853498441767,
      "13": 0.014286108276565818,
      "14": 0.007501585813177418,
      "15": 0.0040265865026614086
    },
    "Subst": {
      "1": 0.12297636448881658,
      "2": 0.21056841060150583,
      "3": 0.17443944951598223,
      "4": 0.09614164759094294,
      "5": 0.1610083013872418,
      "6": 0.09492815576822307,
      "7": 0.0672108993629168,
      "8": 0.04007280950936319,
      "9": 0.018092059902369065,
      "10": 0.009101188670399073,
      "11": 0.00353015802973055,
      "12": 0.0014617060591853056,
      "13": 0.0003861110345017789,
      "14": 5.515871921453984e-05,
      "15": 2.757935960726992e-05
    },
    "Italian": {
      "1": 0.12297636448881658,
      "2": 0.21056841060150583,
      "3": 0.17443944951598223,
      "4": 0.09614164759094294,
      "5": 0.1610083013872418,
      "6": 0.09492815576822307,
      "7": 0.0672108993629168,
      "8": 0.04007280950936319,
      "9": 0.018092059902369065,
      "10": 0.009101188670399073,
      "11": 0.00353015802973055,
      "12": 0.0014617060591853056,
      "13": 0.0003861110345017789,
      "14": 5.515871921453984e-05,
      "15": 2.757935960726992e-05
    }
  }
}