{
  "phase": 63,
  "title": "Codicological Coherence \u2014 Misbinding Hypothesis",
  "bigram_mi": {
    "within_mi": 0.17544631864587007,
    "cross_mi": 0.2751961526181345,
    "within_nmi": 0.07009963008470238,
    "cross_nmi": 0.10838840853905002,
    "bot_within_mi": 0.15715633307714694,
    "bot_cross_mi": 0.38238873998602796
  },
  "clustering": {
    "agreement_rate": 0.6868686868686869,
    "botanical_agreement": 0.8
  },
  "language_profiles": {
    "mean_len_a": 4.414655744963471,
    "mean_len_b": 4.4497828596558735,
    "vocab_jaccard": 0.23320342946219796,
    "mi_final_lang": 0.006438808994007136,
    "z_final_lang": 41.025496185269496
  },
  "sensitivity": {
    "baseline_mi": 0.04742052336309578,
    "baseline_z": 136.01678769459988,
    "perturbation_results": [
      {
        "frac": 0.1,
        "mi": 0.045858058495426526,
        "retention": 0.9670508725577411
      },
      {
        "frac": 0.2,
        "mi": 0.044347277763850695,
        "retention": 0.9351916558213951
      },
      {
        "frac": 0.3,
        "mi": 0.042992914510320016,
        "retention": 0.9066309576789388
      },
      {
        "frac": 0.5,
        "mi": 0.03998686524671453,
        "retention": 0.8432396441628822
      }
    ]
  }
}