{
  "phase": 72,
  "n_words": 38732,
  "n_types": 8276,
  "n_verbose_candidates": 16,
  "verbose_candidates": [
    [
      "in",
      19.157296528812175,
      6456
    ],
    [
      "am",
      12.34450087707458,
      876
    ],
    [
      "ch",
      11.087135971016215,
      11567
    ],
    [
      "qo",
      9.187240317031325,
      5620
    ],
    [
      "ai",
      9.039686310326653,
      7242
    ],
    [
      "sh",
      8.631812317048684,
      4798
    ],
    [
      "pc",
      8.26430673988986,
      809
    ],
    [
      "ii",
      7.862481172529367,
      5139
    ],
    [
      "ar",
      7.5074211164630675,
      3725
    ],
    [
      "dy",
      7.172783889954173,
      7303
    ],
    [
      "fc",
      6.965450354003775,
      201
    ],
    [
      "he",
      5.446419751299658,
      8694
    ],
    [
      "ot",
      5.240326457047689,
      4123
    ],
    [
      "ok",
      5.21764465186073,
      6389
    ],
    [
      "da",
      5.158284323291808,
      4452
    ],
    [
      "ol",
      5.096537418127465,
      5907
    ]
  ],
  "mean_word_length": 5.226169575544769,
  "position_locked_bigrams": 48,
  "prefix_free_violations": 20
}